movie_id,movie_rating_avg,movie_rating_no,movie_title,movie_year,user_rated_day,user_rated_month,user_rated_year,user_rating,user_url
744778,"7,2",9 146,Kobiety i XX wiek,2016,12,4,2020,9,https://www.filmweb.pl/user/Kamilmac/films?page=1
104454,"7,4",154 542,Między słowami,2003,8,4,2020,7,https://www.filmweb.pl/user/Kamilmac/films?page=1
723550,"7,6",160 763,Spotlight,2015,7,4,2020,8,https://www.filmweb.pl/user/Kamilmac/films?page=1
732548,"7,4",125 008,Big Short,2015,7,4,2020,8,https://www.filmweb.pl/user/Kamilmac/films?page=1
30726,"7,2",12 428,West Side Story,1961,2,1,2020,8,https://www.filmweb.pl/user/greyshh/films?page=1
736182,"7,6",110 279,Manchester by the Sea,2016,7,4,2020,0,https://www.filmweb.pl/user/Kamilmac/films?page=1
789687,"7,0",35 748,Nić widmo,2017,7,4,2020,6,https://www.filmweb.pl/user/Kamilmac/films?page=1
681141,"7,3",158 598,Dunkierka,2017,7,4,2020,7,https://www.filmweb.pl/user/Kamilmac/films?page=1
830289,"7,0",30 589,(Nie)znajomi,2019,20,10,2019,8,https://www.filmweb.pl/user/greyshh/films?page=1
828798,"5,8",15 808,Pralnia,2019,20,10,2019,4,https://www.filmweb.pl/user/greyshh/films?page=1
1225,"7,6",98 293,Blues Brothers,1980,15,2,2019,8,https://www.filmweb.pl/user/greyshh/films?page=1
467136,"7,5",32 411,Radio na fali,2009,5,4,2020,7,https://www.filmweb.pl/user/Kamilmac/films?page=1
1046,"7,9",206 339,Taksówkarz,1976,29,3,2020,7,https://www.filmweb.pl/user/Kamilmac/films?page=1
31670,"7,9",29 177,"Tam, gdzie rosną poziomki",1957,29,3,2020,8,https://www.filmweb.pl/user/Kamilmac/films?page=1
814592,"6,1",41 574,Planeta Singli 3,2019,15,2,2019,7,https://www.filmweb.pl/user/greyshh/films?page=1
814945,"4,7",32 053,Miszmasz czyli Kogel Mogel 3,2019,15,2,2019,6,https://www.filmweb.pl/user/greyshh/films?page=1
542576,"7,5",155 718,Narodziny gwiazdy,2018,18,1,2019,6,https://www.filmweb.pl/user/greyshh/films?page=1
762864,"6,7",79 934,Lady Bird,2017,25,3,2020,7,https://www.filmweb.pl/user/Kamilmac/films?page=1
757223,"5,5",13 458,Wszystkie nieprzespane noce,2016,24,3,2020,8,https://www.filmweb.pl/user/Kamilmac/films?page=1
619201,"8,0",176 825,Bohemian Rhapsody,2018,16,11,2018,8,https://www.filmweb.pl/user/greyshh/films?page=1
764039,"7,7",106 731,Zimna wojna,2018,20,10,2018,8,https://www.filmweb.pl/user/greyshh/films?page=1
810402,"7,1",171 274,Kler,2018,12,10,2018,7,https://www.filmweb.pl/user/greyshh/films?page=1
448527,"7,0",13 295,Niezasłane łóżka,2009,24,3,2020,9,https://www.filmweb.pl/user/Kamilmac/films?page=1
787309,"7,1",36 536,Projekt Floryda,2017,24,3,2020,9,https://www.filmweb.pl/user/Kamilmac/films?page=1
1467,"7,8",18 458,Dym,1995,24,3,2020,8,https://www.filmweb.pl/user/Kamilmac/films?page=1
745754,"6,9",53 072,McImperium,2016,24,6,2018,4,https://www.filmweb.pl/user/greyshh/films?page=1
744484,"7,0",86 942,"W starym, dobrym stylu",2017,24,6,2018,5,https://www.filmweb.pl/user/greyshh/films?page=1
1119,"7,3",5 178,Wszystko na sprzedaż,1968,9,6,2018,0,https://www.filmweb.pl/user/greyshh/films?page=1
782505,"7,2",12 148,Kedi - sekretne życie kotów,2016,24,3,2020,7,https://www.filmweb.pl/user/Kamilmac/films?page=1
1253,"7,6",98 703,Fargo,1996,24,3,2020,7,https://www.filmweb.pl/user/Kamilmac/films?page=1
772805,"5,9",31 754,Atak paniki,2017,8,6,2018,7,https://www.filmweb.pl/user/greyshh/films?page=1
807201,"7,1",660,Pokolenie pieniądza,2018,17,5,2018,7,https://www.filmweb.pl/user/greyshh/films?page=1
798016,"6,7",1 773,Czyściciele internetu,2018,13,5,2018,6,https://www.filmweb.pl/user/greyshh/films?page=1
661331,"7,1",21 719,Frances Ha,2012,24,3,2020,8,https://www.filmweb.pl/user/Kamilmac/films?page=1
772805,"5,9",31 754,Atak paniki,2017,24,3,2020,6,https://www.filmweb.pl/user/Kamilmac/films?page=1
338362,"7,8",38 223,Persepolis,2007,24,3,2020,9,https://www.filmweb.pl/user/Kamilmac/films?page=1
736411,"7,1",163 758,Baby Driver,2017,22,4,2018,5,https://www.filmweb.pl/user/greyshh/films?page=1
897,"8,0",37 953,Przypadek,1981,22,4,2018,8,https://www.filmweb.pl/user/greyshh/films?page=1
144837,"6,7",5 600,Smak życia 2,2005,14,4,2018,7,https://www.filmweb.pl/user/greyshh/films?page=1
767406,"8,0",190 601,"Trzy billboardy za Ebbing, Missouri",2017,24,3,2020,8,https://www.filmweb.pl/user/Kamilmac/films?page=1
809630,"8,2",175 061,Green Book,2018,24,3,2020,6,https://www.filmweb.pl/user/Kamilmac/films?page=1
823386,"6,5",40,Ziemia,2019,24,3,2020,1,https://www.filmweb.pl/user/Kamilmac/films?page=1
94359,"7,0",14 788,Smak życia,2002,7,4,2018,7,https://www.filmweb.pl/user/greyshh/films?page=1
631373,"6,4",3 462,"Smak życia 3, czyli chińska układanka",2013,31,3,2018,8,https://www.filmweb.pl/user/greyshh/films?page=1
730099,"6,1",18 720,Żyć nie umierać,2015,31,3,2018,6,https://www.filmweb.pl/user/greyshh/films?page=1
764039,"7,7",106 731,Zimna wojna,2018,24,3,2020,8,https://www.filmweb.pl/user/Kamilmac/films?page=1
680709,"7,2",170 805,Birdman,2014,24,3,2020,8,https://www.filmweb.pl/user/Kamilmac/films?page=1
795063,"6,6",70 206,Pitbull. Ostatni pies,2018,29,3,2018,7,https://www.filmweb.pl/user/greyshh/films?page=1
610,"6,9",3 402,Szaleństwa młodości,1996,26,2,2018,6,https://www.filmweb.pl/user/greyshh/films?page=1
32616,"7,2",80 638,Bezsenność,2002,25,2,2018,7,https://www.filmweb.pl/user/greyshh/films?page=1
611322,"6,7",133 881,American Hustle,2013,25,2,2018,7,https://www.filmweb.pl/user/greyshh/films?page=2
112,"6,8",151 120,Masz wiadomość,1998,24,2,2018,7,https://www.filmweb.pl/user/greyshh/films?page=2
1017,"7,8",45 948,Niebezpieczne związki,1988,24,2,2018,9,https://www.filmweb.pl/user/greyshh/films?page=2
32380,"7,3",101 426,Godziny,2002,24,2,2018,5,https://www.filmweb.pl/user/greyshh/films?page=2
798143,"8,1",113 760,Parasite,2019,24,3,2020,8,https://www.filmweb.pl/user/Kamilmac/films?page=2
600590,"7,3",92 793,Sierpień w hrabstwie Osage,2013,23,2,2018,8,https://www.filmweb.pl/user/greyshh/films?page=2
107311,"6,6",82 152,Sposób na teściową,2005,23,2,2018,7,https://www.filmweb.pl/user/greyshh/films?page=2
130130,"7,8",188 657,American Gangster,2007,23,2,2018,7,https://www.filmweb.pl/user/greyshh/films?page=2
1018,"7,4",40 351,Swobodny jeździec,1969,24,3,2020,6,https://www.filmweb.pl/user/Kamilmac/films?page=2
989,"7,8",221 222,Trainspotting,1996,24,3,2020,7,https://www.filmweb.pl/user/Kamilmac/films?page=2
297829,"7,9",246 339,Wszystko za życie,2007,24,3,2020,7,https://www.filmweb.pl/user/Kamilmac/films?page=2
259289,"7,6",211 180,To nie jest kraj dla starych ludzi,2007,23,2,2018,0,https://www.filmweb.pl/user/greyshh/films?page=2
396969,"7,5",300 459,Harry Potter i Insygnia Śmierci: Część I,2010,23,2,2018,0,https://www.filmweb.pl/user/greyshh/films?page=2
808863,"7,8",112 153,Boże Ciało,2019,21,1,2020,9,https://www.filmweb.pl/user/Kamilmac/films?page=2
31864,"8,3",480 088,Piękny umysł,2001,17,3,2017,7,https://www.filmweb.pl/user/Kamilmac/films?page=2
1008,"8,0",158 528,Rain Man,1988,17,3,2017,7,https://www.filmweb.pl/user/Kamilmac/films?page=2
163597,"7,5",382 975,300,2006,23,2,2018,8,https://www.filmweb.pl/user/greyshh/films?page=2
469867,"7,6",303 030,Hobbit: Pustkowie Smauga,2013,23,2,2018,7,https://www.filmweb.pl/user/greyshh/films?page=2
671,"8,1",810 251,Leon zawodowiec,1994,14,2,2017,8,https://www.filmweb.pl/user/Kamilmac/films?page=2
31740,"7,3",41 209,Pianistka,2001,10,2,2017,7,https://www.filmweb.pl/user/Kamilmac/films?page=2
343217,"7,6",376 824,Hobbit: Niezwykła podróż,2012,23,2,2018,7,https://www.filmweb.pl/user/greyshh/films?page=2
121760,"7,7",375 036,Piraci z Karaibów: Na krańcu świata,2007,23,2,2018,8,https://www.filmweb.pl/user/greyshh/films?page=2
723658,"6,3",111 162,Co ty wiesz o swoim dziadku?,2016,22,2,2018,2,https://www.filmweb.pl/user/greyshh/films?page=2
759639,"7,0",42 753,Paterson,2016,13,1,2017,6,https://www.filmweb.pl/user/Kamilmac/films?page=2
658802,"8,2",208 814,Przełęcz ocalonych,2016,11,11,2016,7,https://www.filmweb.pl/user/Kamilmac/films?page=2
322573,"7,1",71 456,Zgon na pogrzebie,2007,22,2,2018,7,https://www.filmweb.pl/user/greyshh/films?page=2
593914,"6,8",132 793,American Pie: Zjazd absolwentów,2012,22,2,2018,5,https://www.filmweb.pl/user/greyshh/films?page=2
550879,"7,2",128 446,Bridget Jones 3,2016,21,2,2018,7,https://www.filmweb.pl/user/greyshh/films?page=2
587177,"7,8",51 376,Z dystansu,2011,28,10,2016,9,https://www.filmweb.pl/user/Kamilmac/films?page=2
607122,"7,4",39 009,Imagine,2012,1,10,2016,7,https://www.filmweb.pl/user/Kamilmac/films?page=2
736788,"7,2",129 640,Piękna i Bestia,2017,21,2,2018,5,https://www.filmweb.pl/user/greyshh/films?page=2
625794,"7,2",1 060,Everest. Przesunąć horyzont,2007,3,2,2018,0,https://www.filmweb.pl/user/greyshh/films?page=2
735683,"7,7",109 917,Ostatnia rodzina,2016,26,1,2018,8,https://www.filmweb.pl/user/greyshh/films?page=2
21,"8,1",264 169,Buntownik z wyboru,1997,22,9,2016,9,https://www.filmweb.pl/user/Kamilmac/films?page=2
9136,"7,8",652 178,Requiem dla snu,2000,22,8,2016,7,https://www.filmweb.pl/user/Kamilmac/films?page=2
180040,"7,4",280 373,V jak Vendetta,2005,20,8,2016,8,https://www.filmweb.pl/user/Kamilmac/films?page=2
731317,"6,9",53 861,Boska Florence,2016,14,1,2018,6,https://www.filmweb.pl/user/greyshh/films?page=2
785779,"7,0",482,Happy Olo – pogodna ballada o Olku Dobie,2017,7,1,2018,6,https://www.filmweb.pl/user/greyshh/films?page=2
865,"6,8",87 126,Niebiańska plaża,2000,1,12,2017,7,https://www.filmweb.pl/user/greyshh/films?page=2
1093,"8,1",336 401,Zapach kobiety,1992,20,8,2016,7,https://www.filmweb.pl/user/Kamilmac/films?page=2
124098,"7,6",207 577,Wesele,2004,20,8,2016,8,https://www.filmweb.pl/user/Kamilmac/films?page=2
836,"7,6",502 215,American Beauty,1999,19,8,2016,9,https://www.filmweb.pl/user/Kamilmac/films?page=2
33008,"7,7",31 221,Powiększenie,1966,22,11,2017,8,https://www.filmweb.pl/user/greyshh/films?page=2
686419,"7,3",178 555,Ex Machina,2015,9,11,2017,6,https://www.filmweb.pl/user/greyshh/films?page=2
30696,"7,9",7 888,Podwójne ubezpieczenie,1944,18,8,2016,7,https://www.filmweb.pl/user/Kamilmac/films?page=2
599051,"5,6",110 786,Sausage Party,2016,17,8,2016,4,https://www.filmweb.pl/user/Kamilmac/films?page=2
737741,"7,0",63,Le gouffre,2014,15,8,2016,7,https://www.filmweb.pl/user/Kamilmac/films?page=2
741571,"7,7",3 755,The Answers,2015,15,8,2016,9,https://www.filmweb.pl/user/Kamilmac/films?page=2
704690,"6,4",81,The iMom,2013,15,8,2016,6,https://www.filmweb.pl/user/Kamilmac/films?page=2
189,"7,4",484 822,Truman Show,1998,14,8,2016,7,https://www.filmweb.pl/user/Kamilmac/films?page=2
33198,"7,8",4 848,The Beatles,1964,7,11,2017,7,https://www.filmweb.pl/user/greyshh/films?page=3
6265,"7,3",7 598,Mężowie i żony,1992,1,11,2017,8,https://www.filmweb.pl/user/greyshh/films?page=3
714087,"6,3",55 075,Body/Ciało,2015,13,9,2017,5,https://www.filmweb.pl/user/greyshh/films?page=3
5281,"6,8",4 662,Dzięcioł,1970,7,8,2017,7,https://www.filmweb.pl/user/greyshh/films?page=3
644473,"7,7",68 098,Sugar Man,2012,12,8,2016,7,https://www.filmweb.pl/user/Kamilmac/films?page=3
776064,"6,8",25 596,Alibi.com,2017,27,7,2017,5,https://www.filmweb.pl/user/greyshh/films?page=3
775220,"5,3",31 276,Volta,2017,13,7,2017,8,https://www.filmweb.pl/user/greyshh/films?page=3
667600,"5,6",1 971,Królowa Hiszpanii,2016,10,7,2017,5,https://www.filmweb.pl/user/greyshh/films?page=3
682170,"7,7",205 317,W głowie się nie mieści,2015,8,8,2016,8,https://www.filmweb.pl/user/Kamilmac/films?page=3
526137,"7,7",344 669,Czarny łabędź,2010,7,8,2016,8,https://www.filmweb.pl/user/Kamilmac/films?page=3
7991,"7,4",2 396,Nadzór,1983,7,7,2017,8,https://www.filmweb.pl/user/greyshh/films?page=3
224731,"6,0",78 587,Baywatch. Słoneczny patrol,2017,19,6,2017,9,https://www.filmweb.pl/user/greyshh/films?page=3
261979,"7,2",183 661,Holiday,2006,14,6,2017,7,https://www.filmweb.pl/user/greyshh/films?page=3
269102,"7,5",141 758,Mr. Nobody,2009,5,8,2016,8,https://www.filmweb.pl/user/Kamilmac/films?page=3
645355,"6,3",7 993,Sobowtór,2013,1,8,2016,5,https://www.filmweb.pl/user/Kamilmac/films?page=3
685183,"7,7",152 506,Wielka Szóstka,2014,31,7,2016,7,https://www.filmweb.pl/user/Kamilmac/films?page=3
31831,"7,6",320 907,K-PAX,2001,10,6,2017,7,https://www.filmweb.pl/user/greyshh/films?page=3
763312,"7,4",113 350,Sztuka kochania. Historia Michaliny Wisłockiej,2017,1,6,2017,8,https://www.filmweb.pl/user/greyshh/films?page=3
650399,"5,4",30 687,Bez wstydu,2012,16,5,2017,5,https://www.filmweb.pl/user/greyshh/films?page=3
631256,"7,5",20 952,Rozłączeni,2012,30,7,2016,6,https://www.filmweb.pl/user/Kamilmac/films?page=3
106376,"7,6",338 435,Batman - Początek,2005,30,7,2016,6,https://www.filmweb.pl/user/Kamilmac/films?page=3
236351,"8,0",488 672,Mroczny Rycerz,2008,30,7,2016,8,https://www.filmweb.pl/user/Kamilmac/films?page=3
752725,"7,7",157 477,Dobrze się kłamie w miłym towarzystwie,2016,14,5,2017,7,https://www.filmweb.pl/user/greyshh/films?page=3
751665,"4,2",11 256,#WSZYSTKOGRA,2016,9,5,2017,5,https://www.filmweb.pl/user/greyshh/films?page=3
105173,"7,0",131 116,Lepiej późno niż później,2003,29,4,2017,6,https://www.filmweb.pl/user/greyshh/films?page=3
7656,"7,6",184 490,Memento,2000,30,7,2016,8,https://www.filmweb.pl/user/Kamilmac/films?page=3
191345,"7,2",182 918,Zodiak,2007,30,7,2016,6,https://www.filmweb.pl/user/Kamilmac/films?page=3
318672,"7,0",218 638,Step Up - Taniec zmysłów,2006,18,4,2017,7,https://www.filmweb.pl/user/greyshh/films?page=3
539,"7,7",151 722,Mulan,1998,2,4,2017,9,https://www.filmweb.pl/user/greyshh/films?page=3
288488,"7,3",10 616,Obiecaj mi!,2007,31,3,2017,0,https://www.filmweb.pl/user/greyshh/films?page=3
528258,"7,0",219 294,The Social Network,2010,30,7,2016,6,https://www.filmweb.pl/user/Kamilmac/films?page=3
1092,"8,2",171 577,Czas Apokalipsy,1979,30,7,2016,8,https://www.filmweb.pl/user/Kamilmac/films?page=3
656040,"7,6",230 768,Snajper,2014,30,7,2016,6,https://www.filmweb.pl/user/Kamilmac/films?page=3
1114,"7,5",73 554,"Co mi zrobisz, jak mnie złapiesz",1978,26,3,2017,6,https://www.filmweb.pl/user/greyshh/films?page=3
1140,"7,3",95 766,Kingsajz,1987,19,3,2017,7,https://www.filmweb.pl/user/greyshh/films?page=3
1200,"8,0",50 912,Przesłuchanie,1982,18,3,2017,10,https://www.filmweb.pl/user/greyshh/films?page=3
115059,"7,7",80 903,Oldboy,2003,30,7,2016,10,https://www.filmweb.pl/user/Kamilmac/films?page=3
485802,"7,4",94 840,Musimy porozmawiać o Kevinie,2011,30,7,2016,4,https://www.filmweb.pl/user/Kamilmac/films?page=3
587358,"6,7",204 993,To tylko seks,2011,17,3,2017,7,https://www.filmweb.pl/user/greyshh/films?page=3
6271,"7,6",35 956,Hydrozagadka,1970,25,2,2017,6,https://www.filmweb.pl/user/greyshh/films?page=3
5201,"6,2",17 515,Wyścig,2001,12,2,2017,7,https://www.filmweb.pl/user/greyshh/films?page=3
539509,"6,3",298 134,Sala samobójców,2011,30,7,2016,6,https://www.filmweb.pl/user/Kamilmac/films?page=3
487211,"7,3",707 237,Kac Vegas,2009,30,7,2016,7,https://www.filmweb.pl/user/Kamilmac/films?page=3
506756,"7,7",290 058,Mroczny Rycerz powstaje,2012,30,7,2016,4,https://www.filmweb.pl/user/Kamilmac/films?page=3
426062,"7,7",430 605,Sherlock Holmes,2009,30,7,2016,7,https://www.filmweb.pl/user/Kamilmac/films?page=3
8269,"7,2",146 306,Od zmierzchu do świtu,1996,30,7,2016,6,https://www.filmweb.pl/user/Kamilmac/films?page=3
1096,"8,0",159 479,Monty Python i Święty Graal,1975,30,7,2016,9,https://www.filmweb.pl/user/Kamilmac/films?page=3
112584,"7,4",260 954,Sin City - Miasto grzechu,2005,30,7,2016,8,https://www.filmweb.pl/user/Kamilmac/films?page=3
107587,"7,0",101 526,Sekretne życie Waltera Mitty,2013,30,7,2016,8,https://www.filmweb.pl/user/Kamilmac/films?page=3
375629,"7,9",345 685,Interstellar,2014,30,7,2016,8,https://www.filmweb.pl/user/Kamilmac/films?page=3
733366,"7,5",217,How To Change The World,2015,8,2,2017,7,https://www.filmweb.pl/user/greyshh/films?page=4
8228,"8,1",68 570,Cinema Paradiso,1988,7,2,2017,8,https://www.filmweb.pl/user/greyshh/films?page=4
1113,"7,8",252 177,Sami swoi,1967,23,1,2017,7,https://www.filmweb.pl/user/greyshh/films?page=4
1179,"7,1",74 879,"Galimatias, czyli kogel-mogel II",1989,21,1,2017,8,https://www.filmweb.pl/user/greyshh/films?page=4
1178,"7,2",124 221,Kogel-mogel,1988,21,1,2017,8,https://www.filmweb.pl/user/greyshh/films?page=4
90341,"6,9",37 699,Mulan II,2004,21,1,2017,7,https://www.filmweb.pl/user/greyshh/films?page=4
718819,"7,3",170 422,La La Land,2016,19,1,2017,9,https://www.filmweb.pl/user/greyshh/films?page=4
725816,"6,2",211 836,Legion samobójców,2016,16,1,2017,4,https://www.filmweb.pl/user/greyshh/films?page=4
473987,"8,0",12 230,Spotkania na krańcach świata,2007,8,1,2017,8,https://www.filmweb.pl/user/greyshh/films?page=4
572926,"6,5",13 422,Cisza,2010,29,12,2016,5,https://www.filmweb.pl/user/greyshh/films?page=4
898,"7,9",14 347,Niewinni czarodzieje,1960,16,12,2016,9,https://www.filmweb.pl/user/greyshh/films?page=4
901,"7,6",100 604,Nie lubię poniedziałku,1971,11,12,2016,7,https://www.filmweb.pl/user/greyshh/films?page=4
644504,"6,4",35,Ciemne miasto,2011,6,12,2016,6,https://www.filmweb.pl/user/greyshh/films?page=4
644005,"7,4",167 481,Gra tajemnic,2014,26,11,2016,8,https://www.filmweb.pl/user/greyshh/films?page=4
506934,"7,3",226 417,Wielki Gatsby,2013,21,11,2016,7,https://www.filmweb.pl/user/greyshh/films?page=4
766551,"6,5",160 381,Pitbull. Niebezpieczne kobiety,2016,19,11,2016,8,https://www.filmweb.pl/user/greyshh/films?page=4
6426,"7,6",10 993,Inaczej niż w raju,1984,19,11,2016,7,https://www.filmweb.pl/user/greyshh/films?page=4
650619,"7,2",68 304,Tylko kochankowie przeżyją,2013,17,11,2016,9,https://www.filmweb.pl/user/greyshh/films?page=4
702785,"7,5",87 249,Projektantka,2015,24,10,2016,6,https://www.filmweb.pl/user/greyshh/films?page=4
773025,"7,9",1 814,Tancerz,2016,16,10,2016,8,https://www.filmweb.pl/user/greyshh/films?page=4
772703,"6,2",117,Nasza Love Story,2016,16,10,2016,7,https://www.filmweb.pl/user/greyshh/films?page=4
664117,"7,7",7 149,Nazywam się Cukinia,2016,16,10,2016,9,https://www.filmweb.pl/user/greyshh/films?page=4
772666,"6,1",29,Anishoara,2016,15,10,2016,4,https://www.filmweb.pl/user/greyshh/films?page=4
772706,"6,2",141,Nie gap się w mój talerz,2016,15,10,2016,6,https://www.filmweb.pl/user/greyshh/films?page=4
766443,"5,8",58,Koniec,2016,14,10,2016,4,https://www.filmweb.pl/user/greyshh/films?page=4
650619,"7,2",68 304,Tylko kochankowie przeżyją,2013,30,7,2016,9,https://www.filmweb.pl/user/Kamilmac/films?page=4
34004,"7,6",5 980,Życie świadome,2001,30,7,2016,7,https://www.filmweb.pl/user/Kamilmac/films?page=4
629125,"7,0",78 154,Boyhood,2014,30,7,2016,8,https://www.filmweb.pl/user/Kamilmac/films?page=4
109268,"6,5",12 259,Napoleon Wybuchowiec,2004,30,7,2016,8,https://www.filmweb.pl/user/Kamilmac/films?page=4
703836,"7,9",238 621,Zwierzogród,2016,30,7,2016,7,https://www.filmweb.pl/user/Kamilmac/films?page=4
905,"7,9",88 153,Casablanca,1942,30,7,2016,5,https://www.filmweb.pl/user/Kamilmac/films?page=4
426597,"7,7",428 000,Wilk z Wall Street,2013,30,7,2016,6,https://www.filmweb.pl/user/Kamilmac/films?page=4
1262,"7,8",297 044,Stowarzyszenie Umarłych Poetów,1989,30,7,2016,8,https://www.filmweb.pl/user/Kamilmac/films?page=4
40252,"7,8",493 419,Efekt motyla,2004,30,7,2016,7,https://www.filmweb.pl/user/Kamilmac/films?page=4
503834,"8,3",23 171,"House, M.D., Season Four: New Beginnings",2008,30,7,2016,7,https://www.filmweb.pl/user/Kamilmac/films?page=4
695409,"7,8",291 345,Zaginiona dziewczyna,2014,30,7,2016,10,https://www.filmweb.pl/user/Kamilmac/films?page=4
843,"7,8",408 492,Chłopaki nie płaczą,2000,30,7,2016,8,https://www.filmweb.pl/user/Kamilmac/films?page=4
936,"8,1",738 597,Gladiator,2000,30,7,2016,7,https://www.filmweb.pl/user/Kamilmac/films?page=4
5267,"8,1",47 762,Dwunastu gniewnych ludzi,1997,30,7,2016,8,https://www.filmweb.pl/user/Kamilmac/films?page=4
259945,"8,1",372 982,Prestiż,2006,30,7,2016,7,https://www.filmweb.pl/user/Kamilmac/films?page=4
1318,"7,8",147 063,Śniadanie u Tiffany'ego,1961,30,7,2016,7,https://www.filmweb.pl/user/Kamilmac/films?page=4
31413,"7,8",594 155,Dzień świra,2002,30,7,2016,9,https://www.filmweb.pl/user/Kamilmac/films?page=4
240046,"8,1",255 910,W pogoni za szczęściem,2006,30,7,2016,8,https://www.filmweb.pl/user/Kamilmac/films?page=4
698847,"8,1",273 483,Whiplash,2014,30,7,2016,8,https://www.filmweb.pl/user/Kamilmac/films?page=4
464256,"8,2",552 232,Wyspa tajemnic,2010,30,7,2016,9,https://www.filmweb.pl/user/Kamilmac/films?page=4
500891,"8,3",580 268,Incepcja,2010,30,7,2016,9,https://www.filmweb.pl/user/Kamilmac/films?page=4
620541,"8,3",461 574,Django,2012,30,7,2016,7,https://www.filmweb.pl/user/Kamilmac/films?page=4
694378,"8,0",325 376,Bogowie,2014,30,7,2016,8,https://www.filmweb.pl/user/Kamilmac/films?page=4
30701,"8,7",206 156,Dwunastu gniewnych ludzi,1957,30,7,2016,7,https://www.filmweb.pl/user/Kamilmac/films?page=4
208,"8,4",270 273,Życie jest piękne,1997,30,7,2016,8,https://www.filmweb.pl/user/Kamilmac/films?page=4
771665,"4,9",769,"Słońce, to słońce mnie oślepiło",2016,8,10,2016,3,https://www.filmweb.pl/user/greyshh/films?page=5
662836,"6,9",60 313,Siedmiu wspaniałych,2016,22,9,2016,5,https://www.filmweb.pl/user/greyshh/films?page=5
747433,"7,2",214 936,Pitbull. Nowe porządki,2016,20,9,2016,7,https://www.filmweb.pl/user/greyshh/films?page=5
140459,"7,2",92 198,PitBull,2005,19,9,2016,8,https://www.filmweb.pl/user/greyshh/films?page=5
583390,"8,7",639 652,Nietykalni,2011,30,7,2016,9,https://www.filmweb.pl/user/Kamilmac/films?page=5
720886,"6,7",97 574,Nice Guys. Równi goście,2016,15,9,2016,7,https://www.filmweb.pl/user/greyshh/films?page=5
30630,"7,6",82 717,Mulholland Drive,2001,11,9,2016,0,https://www.filmweb.pl/user/greyshh/films?page=5
11673,"7,5",94 630,Wielki błękit,1988,31,8,2016,8,https://www.filmweb.pl/user/greyshh/films?page=5
37309,"7,7",710 445,Piraci z Karaibów: Klątwa Czarnej Perły,2003,30,7,2016,8,https://www.filmweb.pl/user/Kamilmac/films?page=5
62,"7,9",197 677,Gra,1997,30,7,2016,10,https://www.filmweb.pl/user/Kamilmac/films?page=5
1039,"8,3",633 868,Pulp Fiction,1994,30,7,2016,7,https://www.filmweb.pl/user/Kamilmac/films?page=5
693142,"7,2",63 651,Niezłomny,2014,28,8,2016,6,https://www.filmweb.pl/user/greyshh/films?page=5
419862,"7,2",118 588,Droga do szczęścia,2008,10,8,2016,7,https://www.filmweb.pl/user/greyshh/films?page=5
636044,"7,3",16 543,Wysoka fala,2012,10,8,2016,8,https://www.filmweb.pl/user/greyshh/films?page=5
1047,"8,2",653 655,Milczenie owiec,1991,30,7,2016,9,https://www.filmweb.pl/user/Kamilmac/films?page=5
1089,"8,6",514 441,Ojciec chrzestny,1972,30,7,2016,7,https://www.filmweb.pl/user/Kamilmac/films?page=5
1491,"6,7",6 492,Weiser,2000,1,8,2016,7,https://www.filmweb.pl/user/greyshh/films?page=5
760376,"6,1",17 330,Kamper,2016,23,7,2016,7,https://www.filmweb.pl/user/greyshh/films?page=5
32014,"7,6",477 202,Epoka lodowcowa,2002,30,7,2016,7,https://www.filmweb.pl/user/Kamilmac/films?page=5
187,"7,3",754 628,Titanic,1997,30,7,2016,5,https://www.filmweb.pl/user/Kamilmac/films?page=5
862,"8,6",962 482,Zielona mila,1999,30,7,2016,7,https://www.filmweb.pl/user/Kamilmac/films?page=5
531962,"6,8",119 508,Miłość i inne używki,2010,16,7,2016,7,https://www.filmweb.pl/user/greyshh/films?page=5
476021,"7,7",328 041,Harry Potter i Insygnia Śmierci: Część II,2011,16,7,2016,8,https://www.filmweb.pl/user/greyshh/films?page=5
34019,"7,2",10 534,Konwój,1978,14,7,2016,7,https://www.filmweb.pl/user/greyshh/films?page=5
9509,"7,8",803 618,Shrek,2001,30,7,2016,8,https://www.filmweb.pl/user/Kamilmac/films?page=5
825,"7,8",615 052,Szósty zmysł,1999,30,7,2016,9,https://www.filmweb.pl/user/Kamilmac/films?page=5
6878,"8,2",551 088,Król Lew,1994,30,7,2016,8,https://www.filmweb.pl/user/Kamilmac/films?page=5
691862,"7,6",199 435,Teoria wszystkiego,2014,12,7,2016,8,https://www.filmweb.pl/user/greyshh/films?page=5
749727,"3,3",15 335,Kochaj,2016,6,7,2016,2,https://www.filmweb.pl/user/greyshh/films?page=5
687690,"6,6",73 691,Inna kobieta,2014,5,7,2016,5,https://www.filmweb.pl/user/greyshh/films?page=5
837,"8,3",584 284,Podziemny krąg,1999,30,7,2016,10,https://www.filmweb.pl/user/Kamilmac/films?page=5
1163,"7,8",640 233,Seksmisja,1983,30,7,2016,8,https://www.filmweb.pl/user/Kamilmac/films?page=5
628,"7,5",799 079,Matrix,1999,30,7,2016,7,https://www.filmweb.pl/user/Kamilmac/films?page=5
662224,"6,6",23 309,Bilet na Księżyc,2013,5,7,2016,7,https://www.filmweb.pl/user/greyshh/films?page=5
644473,"7,7",68 098,Sugar Man,2012,4,7,2016,9,https://www.filmweb.pl/user/greyshh/films?page=5
761767,"7,3",3 583,Pod opieką wiecznego słońca,2015,3,7,2016,5,https://www.filmweb.pl/user/greyshh/films?page=5
1065,"8,0",697 763,Władca Pierścieni: Drużyna Pierścienia,2001,30,7,2016,6,https://www.filmweb.pl/user/Kamilmac/films?page=5
124613,"6,7",561 781,Kod da Vinci,2006,30,7,2016,6,https://www.filmweb.pl/user/Kamilmac/films?page=5
998,"8,5",949 185,Forrest Gump,1994,30,7,2016,10,https://www.filmweb.pl/user/Kamilmac/films?page=5
704026,"7,2",178 701,Praktykant,2015,26,6,2016,7,https://www.filmweb.pl/user/greyshh/films?page=5
489634,"6,6",26 285,Footloose,2011,25,6,2016,5,https://www.filmweb.pl/user/greyshh/films?page=5
732758,"5,9",11 495,Panie Dulskie,2015,25,6,2016,7,https://www.filmweb.pl/user/greyshh/films?page=5
702,"8,3",575 212,Siedem,1995,30,7,2016,9,https://www.filmweb.pl/user/Kamilmac/films?page=5
32225,"8,3",576 231,Pianista,2002,30,7,2016,9,https://www.filmweb.pl/user/Kamilmac/films?page=5
37889,"6,9",472 478,Bruce Wszechmogący,2003,30,7,2016,7,https://www.filmweb.pl/user/Kamilmac/films?page=5
761776,"7,3",1 714,Jarocin. Po co wolność,2016,13,6,2016,7,https://www.filmweb.pl/user/greyshh/films?page=5
1063,"7,2",115 167,Nagi instynkt,1992,10,6,2016,8,https://www.filmweb.pl/user/greyshh/films?page=6
514675,"7,6",322 992,Deadpool,2016,4,6,2016,7,https://www.filmweb.pl/user/greyshh/films?page=6
739094,"6,2",1 383,Szukając Kelly,2015,2,6,2016,9,https://www.filmweb.pl/user/greyshh/films?page=6
714192,"7,6",199 329,Nienawistna ósemka,2015,1,6,2016,8,https://www.filmweb.pl/user/greyshh/films?page=6
703836,"7,9",238 621,Zwierzogród,2016,28,5,2016,8,https://www.filmweb.pl/user/greyshh/films?page=6
382375,"6,2",72 758,"Jedz, módl się, kochaj",2010,24,5,2016,8,https://www.filmweb.pl/user/greyshh/films?page=6
714319,"7,3",226,"Bieda, spółka akcyjna",2014,17,5,2016,6,https://www.filmweb.pl/user/greyshh/films?page=6
761773,"8,2",6 362,Człowiek,2015,17,5,2016,0,https://www.filmweb.pl/user/greyshh/films?page=6
761775,"5,4",355,Facebookistan,2015,15,5,2016,7,https://www.filmweb.pl/user/greyshh/films?page=6
761419,"6,8",4 775,Lo i stało się. Zaduma nad światem w sieci,2016,15,5,2016,7,https://www.filmweb.pl/user/greyshh/films?page=6
741071,"7,6",689,Requiem dla amerykańskiego snu,2015,15,5,2016,9,https://www.filmweb.pl/user/greyshh/films?page=6
370628,"7,1",31 736,Mała Moskwa,2008,1,5,2016,7,https://www.filmweb.pl/user/greyshh/films?page=6
331014,"7,9",285 640,Jak wytresować smoka,2010,27,4,2016,8,https://www.filmweb.pl/user/greyshh/films?page=6
666170,"7,4",160 549,"Love, Rosie",2014,27,4,2016,7,https://www.filmweb.pl/user/greyshh/films?page=6
742573,"7,6",33 853,Mustang,2015,11,4,2016,9,https://www.filmweb.pl/user/greyshh/films?page=6
682272,"7,3",184 241,Kingsman: Tajne służby,2014,30,3,2016,6,https://www.filmweb.pl/user/greyshh/films?page=6
580746,"6,3",33 350,Chemia,2015,30,3,2016,8,https://www.filmweb.pl/user/greyshh/films?page=6
799,"7,1",81 357,GoldenEye,1995,27,3,2016,8,https://www.filmweb.pl/user/greyshh/films?page=6
5933,"7,4",104 996,Grease,1978,24,3,2016,8,https://www.filmweb.pl/user/greyshh/films?page=6
720511,"4,9",49 196,"Dzień dobry, kocham cię!",2014,23,3,2016,5,https://www.filmweb.pl/user/greyshh/films?page=6
512873,"7,4",40 478,Zabiłem moją matkę,2009,16,3,2016,8,https://www.filmweb.pl/user/greyshh/films?page=6
565372,"7,3",51 919,Wyśnione miłości,2010,16,3,2016,7,https://www.filmweb.pl/user/greyshh/films?page=6
718552,"6,4",73 318,Joy,2015,13,3,2016,7,https://www.filmweb.pl/user/greyshh/films?page=6
630833,"6,8",57 281,Mój rower,2012,7,3,2016,6,https://www.filmweb.pl/user/greyshh/films?page=6
1180,"6,5",4 404,Prowokator,1995,3,3,2016,9,https://www.filmweb.pl/user/greyshh/films?page=6
1142,"7,7",197 416,Psy,1992,3,3,2016,8,https://www.filmweb.pl/user/greyshh/films?page=7
428468,"5,9",45 228,Nine - Dziewięć,2009,1,3,2016,7,https://www.filmweb.pl/user/greyshh/films?page=7
125512,"7,2",50 587,Dobry rok,2006,1,3,2016,8,https://www.filmweb.pl/user/greyshh/films?page=7
36042,"7,2",187 308,Gdzie jest Nemo?,2003,1,3,2016,8,https://www.filmweb.pl/user/greyshh/films?page=7
731541,"7,9",180 933,Pokój,2015,28,2,2016,8,https://www.filmweb.pl/user/greyshh/films?page=7
715533,"7,6",264 201,Marsjanin,2015,26,2,2016,8,https://www.filmweb.pl/user/greyshh/films?page=7
732548,"7,4",125 008,Big Short,2015,25,2,2016,8,https://www.filmweb.pl/user/greyshh/films?page=7
484627,"7,2",16 729,Berlin Calling,2008,23,2,2016,6,https://www.filmweb.pl/user/greyshh/films?page=7
751987,"7,1",157 998,Planeta Singli,2016,18,2,2016,7,https://www.filmweb.pl/user/greyshh/films?page=7
1159,"7,5",46 081,Podwójne życie Weroniki,1991,15,2,2016,0,https://www.filmweb.pl/user/greyshh/films?page=7
656040,"7,6",230 768,Snajper,2014,15,2,2016,7,https://www.filmweb.pl/user/greyshh/films?page=7
142402,"7,5",291 937,Harry Potter i Książę Półkrwi,2009,12,2,2016,7,https://www.filmweb.pl/user/greyshh/films?page=7
32302,"7,4",297 366,Harry Potter i Komnata Tajemnic,2002,12,2,2016,8,https://www.filmweb.pl/user/greyshh/films?page=7
34282,"7,7",388 880,Harry Potter i więzień Azkabanu,2004,12,2,2016,8,https://www.filmweb.pl/user/greyshh/films?page=7
113008,"7,5",303 522,Harry Potter i Zakon Feniksa,2007,12,2,2016,6,https://www.filmweb.pl/user/greyshh/films?page=7
95746,"7,6",385 010,Harry Potter i Czara Ognia,2005,12,2,2016,6,https://www.filmweb.pl/user/greyshh/films?page=7
3,"6,3",37 352,Air Force One,1997,12,2,2016,7,https://www.filmweb.pl/user/greyshh/films?page=7
33392,"6,6",132 254,Indiana Jones i Królestwo Kryształowej Czaszki,2008,12,2,2016,7,https://www.filmweb.pl/user/greyshh/films?page=7
5982,"7,6",241 085,Gwiezdne wojny: Część III - Zemsta Sithów,2005,12,2,2016,9,https://www.filmweb.pl/user/greyshh/films?page=7
547,"8,1",279 740,Gwiezdne wojny: Część VI - Powrót Jedi,1983,12,2,2016,9,https://www.filmweb.pl/user/greyshh/films?page=7
525,"8,1",286 999,Gwiezdne wojny: Część V - Imperium kontratakuje,1980,12,2,2016,8,https://www.filmweb.pl/user/greyshh/films?page=7
759,"7,9",310 553,Gwiezdne wojny: Część IV - Nowa nadzieja,1977,12,2,2016,7,https://www.filmweb.pl/user/greyshh/films?page=7
1297,"7,2",22 648,Love Story,1970,7,2,2016,8,https://www.filmweb.pl/user/greyshh/films?page=7
860,"6,1",58 188,Stuart Malutki,1999,7,2,2016,7,https://www.filmweb.pl/user/greyshh/films?page=7
30571,"7,5",406 559,Harry Potter i Kamień Filozoficzny,2001,7,2,2016,8,https://www.filmweb.pl/user/greyshh/films?page=7
5333,"6,3",119 527,E=mc²,2002,7,2,2016,7,https://www.filmweb.pl/user/greyshh/films?page=8
501862,"6,7",9 141,Soul Kitchen,2009,28,1,2016,7,https://www.filmweb.pl/user/greyshh/films?page=8
476580,"8,2",409 359,Gran Torino,2008,25,1,2016,8,https://www.filmweb.pl/user/greyshh/films?page=8
652435,"7,7",51 816,Straight Outta Compton,2015,23,1,2016,7,https://www.filmweb.pl/user/greyshh/films?page=8
480036,"7,0",90 947,"Co nas kręci, co nas podnieca",2009,23,1,2016,8,https://www.filmweb.pl/user/greyshh/films?page=8
1089,"8,6",514 441,Ojciec chrzestny,1972,22,1,2016,8,https://www.filmweb.pl/user/greyshh/films?page=8
439908,"5,9",299 124,Lejdis,2008,22,1,2016,4,https://www.filmweb.pl/user/greyshh/films?page=8
539270,"7,8",314 156,Jak zostać królem,2010,22,1,2016,8,https://www.filmweb.pl/user/greyshh/films?page=8
682170,"7,7",205 317,W głowie się nie mieści,2015,21,1,2016,9,https://www.filmweb.pl/user/greyshh/films?page=8
7961,"7,4",159 490,Młodzi gniewni,1995,21,1,2016,8,https://www.filmweb.pl/user/greyshh/films?page=8
653727,"7,0",58 579,Brooklyn,2015,17,1,2016,6,https://www.filmweb.pl/user/greyshh/films?page=8
299113,"7,4",759 574,Avatar,2009,16,1,2016,7,https://www.filmweb.pl/user/greyshh/films?page=8
31416,"7,6",257 119,Amelia,2001,16,1,2016,8,https://www.filmweb.pl/user/greyshh/films?page=8
628,"7,5",799 079,Matrix,1999,16,1,2016,8,https://www.filmweb.pl/user/greyshh/films?page=8
112584,"7,4",260 954,Sin City - Miasto grzechu,2005,16,1,2016,8,https://www.filmweb.pl/user/greyshh/films?page=8
99027,"7,5",225 208,Skazany na bluesa,2005,16,1,2016,7,https://www.filmweb.pl/user/greyshh/films?page=8
1163,"7,8",640 233,Seksmisja,1983,16,1,2016,8,https://www.filmweb.pl/user/greyshh/films?page=8
282892,"7,2",143 512,Życie Pi,2012,16,1,2016,8,https://www.filmweb.pl/user/greyshh/films?page=8
11316,"7,2",30 326,Ukryte pragnienia,1996,16,1,2016,6,https://www.filmweb.pl/user/greyshh/films?page=8
586583,"7,2",241 854,Zjawa,2015,11,1,2016,8,https://www.filmweb.pl/user/greyshh/films?page=8
695399,"7,3",7 684,Geograf przepił globus,2013,9,1,2016,7,https://www.filmweb.pl/user/greyshh/films?page=8
722780,"6,8",64 459,Moje córki krowy,2015,8,1,2016,7,https://www.filmweb.pl/user/greyshh/films?page=8
9987,"6,8",34 481,Szybcy i martwi,1995,4,1,2016,8,https://www.filmweb.pl/user/greyshh/films?page=8
537189,"6,7",80 986,Spadkobiercy,2011,29,12,2015,7,https://www.filmweb.pl/user/greyshh/films?page=8
478167,"4,3",42 461,Idealny facet dla mojej dziewczyny,2009,28,12,2015,5,https://www.filmweb.pl/user/greyshh/films?page=8
107986,"6,2",33 190,Różowa Pantera,2006,26,12,2015,8,https://www.filmweb.pl/user/greyshh/films?page=9
200968,"6,3",70 542,Złoty kompas,2007,26,12,2015,8,https://www.filmweb.pl/user/greyshh/films?page=9
12054,"7,4",8 449,Złote czasy radia,1987,20,12,2015,7,https://www.filmweb.pl/user/greyshh/films?page=9
5158,"7,7",199 916,Donnie Darko,2001,13,12,2015,0,https://www.filmweb.pl/user/greyshh/films?page=9
935,"7,8",58 833,Annie Hall,1977,7,12,2015,8,https://www.filmweb.pl/user/greyshh/films?page=9
1266,"7,3",40 777,Kiedy Harry poznał Sally,1989,6,12,2015,7,https://www.filmweb.pl/user/greyshh/films?page=9
100562,"6,8",148 956,Bridget Jones: W pogoni za rozumem,2004,6,12,2015,7,https://www.filmweb.pl/user/greyshh/films?page=9
1209,"7,6",31 937,The Doors,1991,6,12,2015,7,https://www.filmweb.pl/user/greyshh/films?page=9
30701,"8,7",206 156,Dwunastu gniewnych ludzi,1957,5,12,2015,0,https://www.filmweb.pl/user/greyshh/films?page=9
37311,"7,4",331 413,Troja,2004,5,12,2015,9,https://www.filmweb.pl/user/greyshh/films?page=9
96849,"6,9",159 792,50 pierwszych randek,2004,4,12,2015,7,https://www.filmweb.pl/user/greyshh/films?page=9
1479,"6,1",27 845,Dziewczyny z drużyny,2000,4,12,2015,6,https://www.filmweb.pl/user/greyshh/films?page=9
702937,"7,3",63 188,Carte Blanche,2015,4,12,2015,7,https://www.filmweb.pl/user/greyshh/films?page=9
989,"7,8",221 222,Trainspotting,1996,30,11,2015,7,https://www.filmweb.pl/user/greyshh/films?page=9
724565,"6,4",33 065,Demon,2015,27,11,2015,6,https://www.filmweb.pl/user/greyshh/films?page=9
695281,"6,6",119 769,Ugotowany,2015,27,11,2015,7,https://www.filmweb.pl/user/greyshh/films?page=9
654406,"6,7",162 988,Spectre,2015,27,11,2015,6,https://www.filmweb.pl/user/greyshh/films?page=9
661817,"7,8",243 154,Grand Budapest Hotel,2014,25,11,2015,7,https://www.filmweb.pl/user/greyshh/films?page=9
555010,"3,8",66,Ścierwodziad,2009,25,11,2015,3,https://www.filmweb.pl/user/greyshh/films?page=9
564225,"7,4",206 869,"Kocha, lubi, szanuje",2011,22,11,2015,7,https://www.filmweb.pl/user/greyshh/films?page=9
547745,"6,9",77 396,Melancholia,2011,21,11,2015,7,https://www.filmweb.pl/user/greyshh/films?page=9
736267,"6,3",109 059,Listy do M. 2,2015,18,11,2015,5,https://www.filmweb.pl/user/greyshh/films?page=9
525620,"7,2",102 223,W ciemności,2011,12,11,2015,9,https://www.filmweb.pl/user/greyshh/films?page=9
608184,"6,3",78 562,Wałęsa. Człowiek z nadziei,2013,12,11,2015,8,https://www.filmweb.pl/user/greyshh/films?page=9
896,"7,8",325 116,Miś,1980,9,11,2015,7,https://www.filmweb.pl/user/greyshh/films?page=9
106112,"7,2",195 569,Epoka lodowcowa 2: Odwilż,2006,8,11,2015,6,https://www.filmweb.pl/user/greyshh/films?page=10
38605,"5,9",27 626,Okrucieństwo nie do przyjęcia,2003,8,11,2015,4,https://www.filmweb.pl/user/greyshh/films?page=10
99390,"7,6",247 353,To właśnie miłość,2003,8,11,2015,7,https://www.filmweb.pl/user/greyshh/films?page=10
433359,"7,0",133 944,Epoka lodowcowa 3: Era dinozaurów,2009,8,11,2015,8,https://www.filmweb.pl/user/greyshh/films?page=10
32014,"7,6",477 202,Epoka lodowcowa,2002,8,11,2015,8,https://www.filmweb.pl/user/greyshh/films?page=10
98590,"7,6",248 530,Marzyciel,2004,8,11,2015,8,https://www.filmweb.pl/user/greyshh/films?page=10
628262,"7,8",150 957,Wyścig,2013,8,11,2015,7,https://www.filmweb.pl/user/greyshh/films?page=10
311861,"7,0",18 670,Wściekłe pięści Węża,2006,6,11,2015,5,https://www.filmweb.pl/user/greyshh/films?page=10
11979,"6,8",111 105,Ze śmiercią jej do twarzy,1992,3,11,2015,7,https://www.filmweb.pl/user/greyshh/films?page=10
1033,"8,3",285 445,Chłopcy z ferajny,1990,1,11,2015,8,https://www.filmweb.pl/user/greyshh/films?page=10
8824,"7,5",171 198,Powrót do przyszłości II,1989,25,10,2015,7,https://www.filmweb.pl/user/greyshh/films?page=10
8823,"7,4",321 363,Powrót do przyszłości,1985,25,10,2015,8,https://www.filmweb.pl/user/greyshh/films?page=10
2,"7,9",408 896,Adwokat diabła,1997,21,10,2015,8,https://www.filmweb.pl/user/greyshh/films?page=10
660,"8,1",145 073,Gorączka,1995,19,10,2015,9,https://www.filmweb.pl/user/greyshh/films?page=10
5293,"7,2",132 255,Dzień świstaka,1993,19,10,2015,7,https://www.filmweb.pl/user/greyshh/films?page=10
36447,"7,7",266 028,Ostatni samuraj,2003,19,10,2015,9,https://www.filmweb.pl/user/greyshh/films?page=10
657891,"6,9",83 568,Blue Jasmine,2013,19,10,2015,8,https://www.filmweb.pl/user/greyshh/films?page=10
34199,"7,3",60 776,Marzyciele,2003,19,10,2015,0,https://www.filmweb.pl/user/greyshh/films?page=10
470384,"7,4",168 087,Dom zły,2009,19,10,2015,0,https://www.filmweb.pl/user/greyshh/films?page=10
498675,"7,0",89 082,"Wszystko, co kocham",2009,19,10,2015,7,https://www.filmweb.pl/user/greyshh/films?page=10
699039,"5,7",26 379,Obywatel,2014,19,10,2015,6,https://www.filmweb.pl/user/greyshh/films?page=10
660451,"6,9",125 615,Pod Mocnym Aniołem,2014,7,10,2015,7,https://www.filmweb.pl/user/greyshh/films?page=10
8071,"7,2",6 843,"New York, New York",1977,22,9,2015,7,https://www.filmweb.pl/user/greyshh/films?page=10
1311,"5,5",60 401,Quo vadis,2001,13,9,2015,6,https://www.filmweb.pl/user/greyshh/films?page=10
433913,"6,2",259 835,2012,2009,13,9,2015,7,https://www.filmweb.pl/user/greyshh/films?page=10
1465,"7,2",212 360,Gwiezdne wojny: Część II - Atak klonów,2002,11,8,2015,8,https://www.filmweb.pl/user/greyshh/films?page=11
490321,"6,3",71 779,"Człowiek, który gapił się na kozy",2009,18,7,2015,7,https://www.filmweb.pl/user/greyshh/films?page=11
492300,"6,2",11 218,"Kobieta na Marsie, mężczyzna na Wenus",2008,16,7,2015,7,https://www.filmweb.pl/user/greyshh/films?page=11
1037,"8,0",56 344,Misja,1986,14,7,2015,8,https://www.filmweb.pl/user/greyshh/films?page=11
520,"7,2",266 127,Gwiezdne wojny: Część I - Mroczne widmo,1999,6,7,2015,7,https://www.filmweb.pl/user/greyshh/films?page=11
714528,"5,6",49 247,Coś za mną chodzi,2014,27,6,2015,5,https://www.filmweb.pl/user/greyshh/films?page=11
716498,"5,0",61 704,Disco Polo,2015,27,6,2015,7,https://www.filmweb.pl/user/greyshh/films?page=11
689545,"7,6",119 381,Dzikie historie,2014,27,6,2015,10,https://www.filmweb.pl/user/greyshh/films?page=11
34928,"5,3",62 272,Kobieta-Kot,2004,27,6,2015,6,https://www.filmweb.pl/user/greyshh/films?page=11
678251,"7,3",146 030,Szybcy i wściekli 7,2015,25,6,2015,0,https://www.filmweb.pl/user/greyshh/films?page=11
145,"7,1",27 804,Pokój Marvina,1996,25,6,2015,7,https://www.filmweb.pl/user/greyshh/films?page=11
728477,"5,7",38 759,Wkręceni 2,2014,24,6,2015,7,https://www.filmweb.pl/user/greyshh/films?page=11
50,"6,8",7 244,Fatalna namiętność,1997,24,6,2015,7,https://www.filmweb.pl/user/greyshh/films?page=11
584251,"6,8",79 972,Żelazna Dama,2011,23,6,2015,8,https://www.filmweb.pl/user/greyshh/films?page=11
1029,"8,1",151 995,Kasyno,1995,23,6,2015,8,https://www.filmweb.pl/user/greyshh/films?page=11
616141,"6,3",79 781,Zakochani w Rzymie,2012,12,6,2015,8,https://www.filmweb.pl/user/greyshh/films?page=11
7540,"7,7",31 001,Manhattan,1979,12,6,2015,8,https://www.filmweb.pl/user/greyshh/films?page=11
655761,"4,5",179 921,Pięćdziesiąt twarzy Greya,2015,12,6,2015,5,https://www.filmweb.pl/user/greyshh/films?page=11
30671,"7,9",96 615,"Pół żartem, pół serio",1959,11,6,2015,9,https://www.filmweb.pl/user/greyshh/films?page=11
546975,"7,1",123 375,127 godzin,2010,2,6,2015,8,https://www.filmweb.pl/user/greyshh/films?page=11
533535,"3,7",86 413,Ciacho,2010,29,5,2015,4,https://www.filmweb.pl/user/greyshh/films?page=11
537460,"7,0",40 387,80 milionów,2011,9,5,2015,7,https://www.filmweb.pl/user/greyshh/films?page=11
1012,"6,8",127 991,Speed: Niebezpieczna prędkość,1994,20,4,2015,6,https://www.filmweb.pl/user/greyshh/films?page=11
192133,"7,3",112 786,Dom nad jeziorem,2006,20,4,2015,8,https://www.filmweb.pl/user/greyshh/films?page=11
931,"6,7",27 019,28 dni,2000,20,4,2015,7,https://www.filmweb.pl/user/greyshh/films?page=11
209604,"7,3",12 908,I'm Not There. Gdzie indziej jestem,2007,19,4,2015,10,https://www.filmweb.pl/user/greyshh/films?page=12
702277,"7,5",73 376,Motyl Still Alice,2014,13,4,2015,9,https://www.filmweb.pl/user/greyshh/films?page=12
562509,"7,1",189 575,O północy w Paryżu,2011,13,4,2015,8,https://www.filmweb.pl/user/greyshh/films?page=12
453958,"6,6",91 326,Kobiety pragną bardziej,2009,6,4,2015,8,https://www.filmweb.pl/user/greyshh/films?page=12
954,"7,0",46 803,Gniew oceanu,2000,6,4,2015,8,https://www.filmweb.pl/user/greyshh/films?page=12
152844,"7,1",209 868,Millerowie,2013,6,4,2015,8,https://www.filmweb.pl/user/greyshh/films?page=12
108122,"6,9",191 947,Eurotrip,2004,6,4,2015,6,https://www.filmweb.pl/user/greyshh/films?page=12
630,"6,2",111 307,Pan Tadeusz,1999,6,4,2015,7,https://www.filmweb.pl/user/greyshh/films?page=12
662242,"7,2",227 904,Hobbit: Bitwa Pięciu Armii,2014,15,3,2015,7,https://www.filmweb.pl/user/greyshh/films?page=12
1047,"8,2",653 655,Milczenie owiec,1991,15,3,2015,9,https://www.filmweb.pl/user/greyshh/films?page=12
698847,"8,1",273 483,Whiplash,2014,15,3,2015,8,https://www.filmweb.pl/user/greyshh/films?page=12
680709,"7,2",170 805,Birdman,2014,25,2,2015,7,https://www.filmweb.pl/user/greyshh/films?page=12
664609,"6,8",82 104,Pingwiny z Madagaskaru,2014,2,2,2015,7,https://www.filmweb.pl/user/greyshh/films?page=12
501455,"7,0",78 763,Rewers,2009,29,1,2015,7,https://www.filmweb.pl/user/greyshh/films?page=12
637019,"6,4",158 934,Miasto 44,2014,29,1,2015,8,https://www.filmweb.pl/user/greyshh/films?page=12
463952,"7,2",116 113,Autor widmo,2010,23,1,2015,8,https://www.filmweb.pl/user/greyshh/films?page=12
627908,"7,4",131 137,Lot,2012,23,1,2015,8,https://www.filmweb.pl/user/greyshh/films?page=12
609757,"7,0",200 193,Więzień labiryntu,2014,22,1,2015,6,https://www.filmweb.pl/user/greyshh/films?page=12
209978,"7,2",44 769,Zabójstwo Jesse'ego Jamesa przez tchórzliwego Roberta Forda,2007,15,1,2015,0,https://www.filmweb.pl/user/greyshh/films?page=12
38718,"6,4",438,Rozgrywka,1973,5,1,2015,7,https://www.filmweb.pl/user/greyshh/films?page=12
1236,"7,8",289 947,Co gryzie Gilberta Grape'a,1993,30,12,2014,7,https://www.filmweb.pl/user/greyshh/films?page=12
436696,"6,8",121 439,Step Up 2,2008,30,12,2014,6,https://www.filmweb.pl/user/greyshh/films?page=12
1038,"8,2",101 486,Dawno temu w Ameryce,1984,30,12,2014,9,https://www.filmweb.pl/user/greyshh/films?page=12
97112,"7,7",162 011,Rzeka tajemnic,2003,30,12,2014,7,https://www.filmweb.pl/user/greyshh/films?page=12
567127,"8,1",266 105,Służące,2011,28,12,2014,8,https://www.filmweb.pl/user/greyshh/films?page=12
8269,"7,2",146 306,Od zmierzchu do świtu,1996,27,12,2014,8,https://www.filmweb.pl/user/greyshh/films?page=13
118564,"6,5",61 043,Happy Feet: Tupot małych stóp,2006,25,12,2014,8,https://www.filmweb.pl/user/greyshh/films?page=13
681825,"7,5",215 298,Gwiazd naszych wina,2014,11,12,2014,0,https://www.filmweb.pl/user/greyshh/films?page=13
560189,"7,4",174 178,Szybcy i wściekli 5,2011,10,12,2014,6,https://www.filmweb.pl/user/greyshh/films?page=13
21,"8,1",264 169,Buntownik z wyboru,1997,10,12,2014,9,https://www.filmweb.pl/user/greyshh/films?page=13
484295,"6,6",184 142,Turysta,2010,10,12,2014,6,https://www.filmweb.pl/user/greyshh/films?page=13
6721,"7,1",402 536,Kevin sam w domu,1990,23,11,2014,0,https://www.filmweb.pl/user/greyshh/films?page=13
571889,"7,2",132 837,Trzy metry nad niebem,2010,22,11,2014,1,https://www.filmweb.pl/user/greyshh/films?page=13
468296,"7,4",583 377,Slumdog. Milioner z ulicy,2008,22,11,2014,8,https://www.filmweb.pl/user/greyshh/films?page=13
1262,"7,8",297 044,Stowarzyszenie Umarłych Poetów,1989,22,11,2014,7,https://www.filmweb.pl/user/greyshh/films?page=13
32237,"6,8",68 190,Śmierć nadejdzie jutro,2002,16,11,2014,0,https://www.filmweb.pl/user/greyshh/films?page=13
490328,"7,4",61 833,Różyczka,2010,12,11,2014,8,https://www.filmweb.pl/user/greyshh/films?page=13
76,"7,0",59 267,Jutro nie umiera nigdy,1997,12,11,2014,8,https://www.filmweb.pl/user/greyshh/films?page=13
814,"7,4",49 420,Goldfinger,1964,12,11,2014,7,https://www.filmweb.pl/user/greyshh/films?page=13
30583,"6,2",2 314,Pół serio,2000,10,11,2014,0,https://www.filmweb.pl/user/greyshh/films?page=13
546529,"6,6",111 998,Ida,2013,10,11,2014,0,https://www.filmweb.pl/user/greyshh/films?page=13
557330,"7,3",207 593,Czarownica,2014,8,11,2014,5,https://www.filmweb.pl/user/greyshh/films?page=13
5267,"8,1",47 762,Dwunastu gniewnych ludzi,1997,26,10,2014,8,https://www.filmweb.pl/user/greyshh/films?page=13
112036,"6,5",31 530,Serce nie sługa,2005,21,10,2014,8,https://www.filmweb.pl/user/greyshh/films?page=13
694378,"8,0",325 376,Bogowie,2014,19,10,2014,8,https://www.filmweb.pl/user/greyshh/films?page=13
375547,"6,6",228 963,Mamma Mia!,2008,18,10,2014,7,https://www.filmweb.pl/user/greyshh/films?page=13
259149,"7,3",32 047,Across the Universe,2007,18,10,2014,8,https://www.filmweb.pl/user/greyshh/films?page=13
882,"7,9",224 649,Przerwana lekcja muzyki,1999,18,10,2014,8,https://www.filmweb.pl/user/greyshh/films?page=13
911,"7,4",34 621,Human Traffic,1999,18,10,2014,8,https://www.filmweb.pl/user/greyshh/films?page=13
480762,"7,1",141 200,500 dni miłości,2009,18,10,2014,7,https://www.filmweb.pl/user/greyshh/films?page=13
38887,"8,0",350 921,Pamiętnik,2004,18,10,2014,8,https://www.filmweb.pl/user/greyshh/films?page=14
4258,"7,8",211 013,Blow,2001,18,10,2014,7,https://www.filmweb.pl/user/greyshh/films?page=14
506803,"7,2",284 265,Poradnik pozytywnego myślenia,2012,18,10,2014,7,https://www.filmweb.pl/user/greyshh/films?page=14
565167,"6,4",120 383,Sex Story,2011,18,10,2014,7,https://www.filmweb.pl/user/greyshh/films?page=14
106408,"7,4",237 157,Terminal,2004,18,10,2014,8,https://www.filmweb.pl/user/greyshh/films?page=14
104454,"7,4",154 542,Między słowami,2003,18,10,2014,7,https://www.filmweb.pl/user/greyshh/films?page=14
372601,"7,6",240 585,Choć goni nas czas,2007,18,10,2014,7,https://www.filmweb.pl/user/greyshh/films?page=14
74,"7,7",258 561,Joe Black,1998,18,10,2014,8,https://www.filmweb.pl/user/greyshh/films?page=14
491118,"7,4",290 012,Piraci z Karaibów: Na nieznanych wodach,2011,18,10,2014,7,https://www.filmweb.pl/user/greyshh/films?page=14
123312,"7,3",265 362,Ratatuj,2007,18,10,2014,8,https://www.filmweb.pl/user/greyshh/films?page=14
37889,"6,9",472 478,Bruce Wszechmogący,2003,18,10,2014,7,https://www.filmweb.pl/user/greyshh/films?page=14
107404,"7,8",405 943,Piraci z Karaibów: Skrzynia umarlaka,2006,18,10,2014,6,https://www.filmweb.pl/user/greyshh/films?page=14
583390,"8,7",639 652,Nietykalni,2011,18,10,2014,7,https://www.filmweb.pl/user/greyshh/films?page=14
203657,"7,8",283 270,Iluzjonista,2006,18,10,2014,8,https://www.filmweb.pl/user/greyshh/films?page=14
31497,"7,6",226 392,Tożsamość Bourne'a,2002,18,10,2014,6,https://www.filmweb.pl/user/greyshh/films?page=14
36,"7,1",184 681,Desperado,1995,18,10,2014,8,https://www.filmweb.pl/user/greyshh/films?page=14
4340,"6,9",272 135,Dziennik Bridget Jones,2001,18,10,2014,7,https://www.filmweb.pl/user/greyshh/films?page=14
683,"7,1",163 477,Notting Hill,1999,18,10,2014,6,https://www.filmweb.pl/user/greyshh/films?page=14
405077,"7,0",194 909,Vicky Cristina Barcelona,2008,18,10,2014,7,https://www.filmweb.pl/user/greyshh/films?page=14
539509,"6,3",298 134,Sala samobójców,2011,18,10,2014,6,https://www.filmweb.pl/user/greyshh/films?page=14
32362,"7,9",305 880,"Złap mnie, jeśli potrafisz",2002,18,10,2014,8,https://www.filmweb.pl/user/greyshh/films?page=14
114999,"6,6",27 098,Oliver Twist,2005,18,10,2014,8,https://www.filmweb.pl/user/greyshh/films?page=14
11752,"6,8",97 724,Wodny świat,1995,18,10,2014,7,https://www.filmweb.pl/user/greyshh/films?page=14
1238,"7,4",186 479,Pretty Woman,1990,18,10,2014,6,https://www.filmweb.pl/user/greyshh/films?page=14
1318,"7,8",147 063,Śniadanie u Tiffany'ego,1961,18,10,2014,8,https://www.filmweb.pl/user/greyshh/films?page=14
599595,"7,4",102 762,Les Misérables: Nędznicy,2012,18,10,2014,6,https://www.filmweb.pl/user/greyshh/films?page=15
528258,"7,0",219 294,The Social Network,2010,18,10,2014,7,https://www.filmweb.pl/user/greyshh/films?page=15
31413,"7,8",594 155,Dzień świra,2002,18,10,2014,8,https://www.filmweb.pl/user/greyshh/films?page=15
1471,"7,6",137 127,Billy Elliot,2000,18,10,2014,9,https://www.filmweb.pl/user/greyshh/films?page=15
495247,"7,1",24 403,The Runaways: Prawdziwa historia,2010,18,10,2014,6,https://www.filmweb.pl/user/greyshh/films?page=15
613510,"6,9",232 350,Listy do M.,2011,18,10,2014,7,https://www.filmweb.pl/user/greyshh/films?page=15
529,"7,7",433 752,Kiler,1997,18,10,2014,8,https://www.filmweb.pl/user/greyshh/films?page=15
690058,"7,2",30 307,Powstanie Warszawskie,2014,18,10,2014,7,https://www.filmweb.pl/user/greyshh/films?page=15
11841,"8,4",498 420,Władca Pierścieni: Powrót króla,2003,18,10,2014,9,https://www.filmweb.pl/user/greyshh/films?page=15
110812,"7,6",64 649,Kawa i papierosy,2003,18,10,2014,7,https://www.filmweb.pl/user/greyshh/films?page=15
240046,"8,1",255 910,W pogoni za szczęściem,2006,18,10,2014,7,https://www.filmweb.pl/user/greyshh/films?page=15
500891,"8,3",580 268,Incepcja,2010,18,10,2014,10,https://www.filmweb.pl/user/greyshh/films?page=15
670682,"6,5",111 852,Transcendencja,2014,18,10,2014,7,https://www.filmweb.pl/user/greyshh/films?page=15
687712,"6,3",211 908,Lucy,2014,18,10,2014,5,https://www.filmweb.pl/user/greyshh/films?page=15
572639,"7,6",137 593,Charlie,2012,18,10,2014,6,https://www.filmweb.pl/user/greyshh/films?page=15
1470,"7,5",561 540,Cast Away - poza światem,2000,18,10,2014,9,https://www.filmweb.pl/user/greyshh/films?page=15
107535,"7,5",382 379,Madagaskar,2005,18,10,2014,7,https://www.filmweb.pl/user/greyshh/films?page=15
125973,"6,6",199 439,Shrek Trzeci,2007,18,10,2014,5,https://www.filmweb.pl/user/greyshh/films?page=15
33404,"7,4",285 275,Shrek 2,2004,18,10,2014,6,https://www.filmweb.pl/user/greyshh/films?page=15
9509,"7,8",803 618,Shrek,2001,18,10,2014,7,https://www.filmweb.pl/user/greyshh/films?page=15
437158,"6,7",55 894,Coco Chanel,2009,18,10,2014,6,https://www.filmweb.pl/user/greyshh/films?page=15
1002,"7,7",293 744,Wywiad z wampirem,1994,18,10,2014,8,https://www.filmweb.pl/user/greyshh/films?page=15
1010,"7,2",100 851,Top Gun,1986,18,10,2014,8,https://www.filmweb.pl/user/greyshh/films?page=15
104541,"7,1",329 657,Charlie i fabryka czekolady,2005,18,10,2014,7,https://www.filmweb.pl/user/greyshh/films?page=15
465818,"7,1",353 867,Alicja w Krainie Czarów,2010,18,10,2014,7,https://www.filmweb.pl/user/greyshh/films?page=15
11843,"8,0",205 952,Wściekłe psy,1992,18,10,2014,10,https://www.filmweb.pl/user/greyshh/films?page=16
33246,"7,4",88 741,Chicago,2002,18,10,2014,8,https://www.filmweb.pl/user/greyshh/films?page=16
526137,"7,7",344 669,Czarny łabędź,2010,18,10,2014,7,https://www.filmweb.pl/user/greyshh/films?page=16
118644,"6,3",99 460,RRRrrrr!!!,2004,18,10,2014,5,https://www.filmweb.pl/user/greyshh/films?page=16
31451,"8,3",479 696,Władca Pierścieni: Dwie wieże,2002,18,10,2014,8,https://www.filmweb.pl/user/greyshh/films?page=16
548252,"7,6",330 153,Jestem Bogiem,2011,18,10,2014,7,https://www.filmweb.pl/user/greyshh/films?page=16
118497,"7,5",216 041,Gnijąca panna młoda,2005,18,10,2014,8,https://www.filmweb.pl/user/greyshh/films?page=16
32,"7,5",136 029,Cztery pokoje,1995,18,10,2014,6,https://www.filmweb.pl/user/greyshh/films?page=16
73,"7,4",72 782,Jackie Brown,1997,18,10,2014,8,https://www.filmweb.pl/user/greyshh/films?page=16
219933,"7,1",170 566,Grindhouse: Death Proof,2007,18,10,2014,8,https://www.filmweb.pl/user/greyshh/films?page=16
772,"7,5",158 818,Las Vegas Parano,1998,18,10,2014,7,https://www.filmweb.pl/user/greyshh/films?page=16
108931,"6,7",409 727,Mr. & Mrs. Smith,2005,18,10,2014,6,https://www.filmweb.pl/user/greyshh/films?page=16
8263,"7,6",215 398,Ocean's Eleven: Ryzykowna gra,2001,18,10,2014,7,https://www.filmweb.pl/user/greyshh/films?page=16
105744,"7,2",133 842,Ocean's Twelve: Dogrywka,2004,18,10,2014,8,https://www.filmweb.pl/user/greyshh/films?page=16
208,"8,4",270 273,Życie jest piękne,1997,18,10,2014,8,https://www.filmweb.pl/user/greyshh/films?page=16
620541,"8,3",461 574,Django,2012,18,10,2014,10,https://www.filmweb.pl/user/greyshh/films?page=16
173500,"7,7",174 914,Wyznania gejszy,2005,18,10,2014,9,https://www.filmweb.pl/user/greyshh/films?page=16
96506,"7,9",50 810,Ray,2004,18,10,2014,8,https://www.filmweb.pl/user/greyshh/films?page=16
426597,"7,7",428 000,Wilk z Wall Street,2013,18,10,2014,8,https://www.filmweb.pl/user/greyshh/films?page=16
259945,"8,1",372 982,Prestiż,2006,18,10,2014,8,https://www.filmweb.pl/user/greyshh/films?page=16
7874,"7,3",118 060,Moulin Rouge!,2001,18,10,2014,8,https://www.filmweb.pl/user/greyshh/films?page=16
191945,"7,5",202 506,Sweeney Todd: Demoniczny golibroda z Fleet Street,2007,18,10,2014,7,https://www.filmweb.pl/user/greyshh/films?page=16
4545,"7,5",208 703,Czekolada,2000,18,10,2014,6,https://www.filmweb.pl/user/greyshh/films?page=16
607122,"7,4",39 009,Imagine,2012,18,10,2014,8,https://www.filmweb.pl/user/greyshh/films?page=16
843,"7,8",408 492,Chłopaki nie płaczą,2000,17,10,2014,7,https://www.filmweb.pl/user/greyshh/films?page=16
487211,"7,3",707 237,Kac Vegas,2009,17,10,2014,7,https://www.filmweb.pl/user/greyshh/films?page=17
464256,"8,2",552 232,Wyspa tajemnic,2010,17,10,2014,7,https://www.filmweb.pl/user/greyshh/films?page=17
862,"8,6",962 482,Zielona mila,1999,17,10,2014,9,https://www.filmweb.pl/user/greyshh/films?page=17
37309,"7,7",710 445,Piraci z Karaibów: Klątwa Czarnej Perły,2003,17,10,2014,8,https://www.filmweb.pl/user/greyshh/films?page=17
123383,"7,7",481 217,Ciekawy przypadek Benjamina Buttona,2008,17,10,2014,9,https://www.filmweb.pl/user/greyshh/films?page=17
137747,"8,0",550 355,Bękarty wojny,2009,17,10,2014,8,https://www.filmweb.pl/user/greyshh/films?page=17
31864,"8,3",480 088,Piękny umysł,2001,17,10,2014,7,https://www.filmweb.pl/user/greyshh/films?page=17
837,"8,3",584 284,Podziemny krąg,1999,17,10,2014,9,https://www.filmweb.pl/user/greyshh/films?page=17
250272,"6,9",359 232,Diabeł ubiera się u Prady,2006,17,10,2014,6,https://www.filmweb.pl/user/greyshh/films?page=17
33200,"7,4",357 324,Kill Bill,2003,17,10,2014,8,https://www.filmweb.pl/user/greyshh/films?page=17
217801,"7,5",462 579,Jestem legendą,2007,17,10,2014,5,https://www.filmweb.pl/user/greyshh/films?page=17
40252,"7,8",493 419,Efekt motyla,2004,17,10,2014,9,https://www.filmweb.pl/user/greyshh/films?page=17
836,"7,6",502 215,American Beauty,1999,17,10,2014,8,https://www.filmweb.pl/user/greyshh/films?page=17
1039,"8,3",633 868,Pulp Fiction,1994,17,10,2014,10,https://www.filmweb.pl/user/greyshh/films?page=17
9136,"7,8",652 178,Requiem dla snu,2000,17,10,2014,8,https://www.filmweb.pl/user/greyshh/films?page=17
1065,"8,0",697 763,Władca Pierścieni: Drużyna Pierścienia,2001,17,10,2014,10,https://www.filmweb.pl/user/greyshh/films?page=17
1048,"8,8",875 270,Skazani na Shawshank,1994,17,10,2014,10,https://www.filmweb.pl/user/greyshh/films?page=17
998,"8,5",949 185,Forrest Gump,1994,17,10,2014,10,https://www.filmweb.pl/user/greyshh/films?page=17
671,"8,1",810 251,Leon zawodowiec,1994,17,10,2014,10,https://www.filmweb.pl/user/greyshh/films?page=17
